name,Um Azimul,Gasyoura,Hamim,Mezaira,Mukhariz,Al Jazeera b.g,Owtaid,Bada Dafas,Madinat Zayed,Bu Humrah,Arjan,Razeen,Al Haffar,Al Quaa,Al Gheweifat,Ras Ghumeis,Al Ruwais,Jabal Al Dhanna,Sir Bani Yas,Al Qlaa,Al Mirfa,Abu Al Abyad,Al Aryam,Abu Dhabi Corniche,Mussaffah,Al Shawamekh,Ashaab,Al Ajban,Ras Ghanadah,Expo 2020,Sai al Salem,Jumeirah,Al Marmoom,Burj Khalifa,Ajman,Um al Quwain,Al Marjan,Ras Al Khaimah,Saqr Port,Ghazla,Yanas Mountain,Tawiyen,Mebreh mountain,Diba,Dhudna,Khorfakhan,Masafi,Manama,Falaj Al Moalla,Al Dhaid,Fujairah port,Jais Mountain,Dibba,Al Malaiha,Al Farfar,Al Heben Mountain,Shoukah,Kalba,Wadi Al Tuwa,Al Qor,Hatta,Umm al Gaf,Lahbab,Margham,Al Faqa,Al Shiweb,Sweihan,Al Wathbah,Damtha,Al Aamerah,UAE Uni,Al Qattara,Raknah,Buraimi,Um ghafa,Mezyed,Al Khazna,Al Arad,Al Shuaibah,Hafeet mountain,Barakah 2
ncm_id,16,137,17,114,24,23,19,479,13,28,478,20,485,15,22,488,143,494,108,491,493,124,131,26,477,439,381,410,123,495,102,437,490,400,386,111,480,420,383,467,419,104,116,41242,31,474,33,105,106,136,413,110,469,109,441,118,345,472,382,183,107,481,473,438,5,12,3,186,132,487,414,128,34,41244,129,8,6,14,412,421,428
longitude,55.1333333299999,54.8166666699999,54.2999999999999,53.83333333,52.8833333299999,52.2833333299999,53.1,53.1499999999999,53.68333333,54.5166666699999,54.46666667,54.75,54.71666667,55.4166666699999,51.61666667,51.6,52.61666667,52.6333333299999,52.58333333,52.96666667,53.5333333299999,53.85,54.1666666699999,54.3166666699999,54.46666667,54.6333333299999,54.7999999999999,54.8833333299999,54.75,55.1499999999999,55.2999999999999,55.1333333299999,55.5,55.2666666699999,55.43333333,55.6499999999999,55.71666667,55.93333333,56.0499999999999,56.1333333299999,56.08333333,56.0666666699999,56.11666667,56.23333333,56.3166666699999,56.35,56.1499999999999,56,55.83333333,55.8166666699999,56.35,56.1666666699999,56.21666667,55.8833333299999,56.1666666699999,56.1499999999999,56.0333333299999,56.33333333,56.11666667,56.1499999999999,56.1333333299999,56.2666666699999,55.6,55.5499999999999,55.61666667,55.7833333299999,55.3166666699999,54.7999999999999,55.3999999999999,55.5333333299999,55.6666666699999,55.75,55.7,55.8999999999999,55.93333333,55.83333333,55.1,55.5166666699999,55.6,55.7666666699999,52.25
latitude,22.6999999999999,22.81666667,22.9666666699999,23.11666667,22.8999999999999,23.28333333,23.3833333299999,23.81666667,23.68333333,23.5,23.8333333299999,23.68333333,23.93333333,23.3833333299999,24.11666667,24.3333333299999,24.0833333299999,24.1499999999999,24.31666667,24.1499999999999,24.0833333299999,24.18333333,24.3,24.4666666699999,24.36666667,24.3333333299999,24.3833333299999,24.55,24.8333333299999,24.9499999999999,24.81666667,25.0833333299999,25,25.1999999999999,25.41666667,25.5166666699999,25.68333333,25.7666666699999,25.9666666699999,25.8999999999999,25.7166666699999,25.55,25.6333333299999,25.6,25.5,25.35,25.35,25.31666667,25.3333333299999,25.23333333,25.16666667,25.9499999999999,25.56666667,25.11666667,25.16666667,25.11666667,25.1,25,25.0166666699999,24.8999999999999,24.8,24.86666667,25.0166666699999,24.8833333299999,24.7166666699999,24.7666666699999,24.4666666699999,24.11666667,24.16666667,24.23333333,24.18333333,24.2666666699999,24.3333333299999,24.23333333,24.06666667,24.0166666699999,24.1499999999999,23.8333333299999,24.1,24.05,23.9499999999999
cumulative_rainfall_14_to_17_april_2024,13.4,47.2,43.9,85.8,13.9,9.1,91.9,62.6,48.9,57.2,82,75.7,92.3,,2.4,1.7,5.4,13.7,5.6,,74.4,83,83.2,91.1,110.4,117.2,102.1,124.5,197.1,146.2,200.6,168,219.4,77.6,96.4,86.8,55.2,63,37.8,96.4,83.4,95.4,87.1,,94.5,112.7,121,152.6,110,153.2,129.4,115.4,91.5,163.4,91.3,123.9,155.2,239.5,205.6,124.2,103.7,178.1,173.5,198.6,189.8,141.5,116,98.2,98.5,111.1,142.9,186.1,186.1,,99.5,87.5,162.9,107.9,176.2,57.9,20.1
datetime,,,,,,,,,,,,,,,,,,,,,,,,,,,,,,,,,,,,,,,,,,,,,,,,,,,,,,,,,,,,,,,,,,,,,,,,,,,,,,,,,
2024-04-14 00:00,0,0.0389,0,0,0,0,0,0,0,0.0568,0.0258,0.0552,0,0.0123,0,0,0,0,0,0,0,0,0,0,0,0,0,0,0,0,0,0,0,0,0,0,0,0,0,0,0,0,0,0,0,0,0,0,0,0,0,0,0,0,0,0,0,0,0,0,0,0,0,0,0,0,0,0,0,0,0,0,0,0.0164,0.1317,0.0644,0,0.0145,0.0496,0.3047,0
2024-04-14 01:00,0.0462,0.0791,0,1.6735,0,0,0,0,0,0.6274,0.0706,0.7871,0.0102,0,0,0,0,0,0,0,0,0,0,0,0,0,0,0,0,0,0,0,0,0,0,0,0,0,0,0,0,0,0,0,0,0,0,0,0,0,0,0,0,0,0,0,0,0,0,0,0,0,0,0,0,0,0,0,0,0,0,0,0,0,0.2993,0.2589,0,0.7846,0,0.2159,0
2024-04-14 02:00,0.115,0,0,0,0,0,0,0,0,0,0,0.0309,0,0,0,0,0,0,0,0,0,0,0,0,0,0,0,0,0,0,0,0,0,0,0,0,0,0,0,0,0,0,0,0,0,0,0,0,0,0,0,0,0,0,0,0,0,0,0,0,0,0,0,0,0,0,0,0,0,0,0,0,0,0,0,0,0,0.854,0,0,0
2024-04-14 03:00,0,0,0,0,0,0,0,0,0,0,0,0,0,0.0181,0,0,0,0,0,0,0,0,0,0,0,0,0,0,0,0,0,0,0,0,0,0,0,0,0,0,0,0,0,0,0,0,0,0,0,0,0,0,0,0,0,0,0,0,0,0,0,0,0,0,0,0,0,0,0,0,0,0,0,0,0,0,0,0,0,0,0
2024-04-14 04:00,0,0,0,0,0,0,0,0,0,0,0,0,0,0.0554,0,0,0,0,0,0,0,0,0,0,0,0,0,0,0,0,0,0,0,0,0,0,0,0,0,0,0,0,0,0,0,0,0,0,0,0,0,0,0,0,0,0,0,0,0,0,0,0,0,0,0,0,0,0,0,0,0,0,0,0,0,0,0,0,0,0,0
2024-04-14 05:00,0,0,0,0,0,0,0,0,0,0,0,0,0,0.2523,0,0,0,0,0,0,0,0,0,0,0,0,0,0,0,0,0,0,0,0,0,0,0,0,0,0,0,0,0,0,0,0,0,0,0,0,0,0,0,0,0,0,0,0,0,0,0,0,0,0,0,0,0,0,0,0,0,0,0,0,0,0,0,0,0,0,0
2024-04-14 06:00,0,0,0,0,0,0,0,0,0,0,0,0,0,0.0206,0,0,0,0,0,0,0,0,0,0,0,0,0,0,0,0,0,0,0,0,0,0,0,0,0,0,0,0,0,0,0,0,0,0,0,0,0,0,0,0,0,0,0,0,0,0,0,0,0,0,0,0,0,0,0,0,0,0,0,0,0,0,0,0,0,0,0
2024-04-14 07:00,0,0,0,0,0,0,0,0,0,0,0,0,0,0,0,0,0,0,0,0,0,0,0,0,0,0,0,0,0,0,0,0,0,0,0,0,0,0,0,0,0,0,0,0,0,0,0,0,0,0,0,0,0,0,0,0,0,0,0,0,0,0,0,0,0,0,0,0,0,0,0,0,0,0,0,0,0,0,0,0,0
2024-04-14 08:00,0,0,0,0,0,0,0,0,0,0,0,0,0,0,0,0,0,0,0,0,0,0,0,0,0,0,0,0,0,0,0,0,0,0,0,0,0,0,0,0,0,0,0,0,0,0,0,0,0,0,0,0,0,0,0,0,0,0,0,0,0,0,0,0,0,0,0,0,0,0,0,0,0,0,0,0,0,0,0,0,0
2024-04-14 09:00,0,0,0,0,0,0,0,0,0,0,0,0,0,0,0,0,0,0,0,0,0,0,0,0,0,0,0,0,0,0,0,0,0,0,0,0,0,0,0,0,0,0,0,0,0,0,0,0,0,0,0,0,0,0,0,0,0,0,0,0,0,0,0,0,0,0,0,0,0,0,0,0,0,0,0,0,0,0,0,0,0
2024-04-14 10:00,0,0,0,0,0,0,0,0,0,0,0,0,0,0,0,0,0,0,0,0,0,0,0,0,0,0,0,0,0,0,0,0,0,0,0,0,0,0,0,0,0,0,0,0,0,0,0,0,0,0,0,0,0,0,0,0,0,0,0,0,0,0,0,0,0,0,0,0,0,0,0,0,0,0,0,0,0,0,0,0,0
2024-04-14 11:00,0,0,0,0,0,0,0,0,0,0,0,0,0,0,0,0,0,0,0,0,0,0,0,0,0,0,0,0,0,0,0,0,0,0,0,0,0,0,0,0,0,0,0,0,0,0,0,0,0,0,0,0,0,0,0,0,0,0,0,0,0,0,0,0,0,0,0,0,0,0,0,0,0,0,0,0,0,0,0,0,0
2024-04-14 12:00,0,0,0,0,0,0,0,0,0,0,0,0,0,0,0,0,0,0,0,0,0,0,0,0,0,0,0,0,0,0,0,0,0,0,0,0,0,0,0,0,0,0,0,0,0,0,0,0,0,0,0,0,0,0,0,0,0,0,0,0,0,0,0,0,0,0,0,0,0,0,0,0,0,0,0,0,0,0,0,0,0
2024-04-14 13:00,0,0,0,0,0,0,0,0,0,0,0,0,0,0,0,0,0,0,0,0,0,0,0,0,0,0,0,0,0,0,0,0,0,0,0,0,0,0,0,0,0,0,0,0,0,0,0,0,0,0,0,0,0,0,0,0,0,0,0,0,0,0,0,0,0,0,0,0,0,0,0,0,0,0,0,0,0,0,0,0,0
2024-04-14 14:00,0,0,0,0,0,0,0,0,0,0,0,0,0,0,0,0,0,0,0,0,0,0,0,0,0,0,0,0,0,0,0,0,0,0,0,0,0,0,0,0,0,0,0,0,0,0,0,0,0,0,0,0,0,0,0,0,0,0,0,0,0,0,0,0,0,0,0,0,0,0,0,0,0,0,0,0,0,0,0,0,0
2024-04-14 15:00,0,0,0,0,0,0,0,0,0,0,0,0,0,0,0,0,0,0,0,0,0,0,0,0,0,0,0,0,0,0,0,0,0,0,0,0,0,0,0,0,0,0,0,0,0,0,0,0,0,0,0,0,0,0,0,0,0,0,0,0,0,0,0,0,0,0,0,0,0,0,0,0,0,0,0,0,0,0,0,0,0
2024-04-14 16:00,0,0,0,0,0,0,0,0,0,0,0,0,0,0,0,0,0,0,0,0,0,0,0,0,0,0,0,0,0,0,0,0,0,0,0,0,0,0,0,0,0,0,0,0,0,0,0,0,0,0,0,0,0,0,0,0,0,0,0,0,0,0,0,0,0,0,0,0,0,0,0,0,0,0,0,0,0,0,0,0,0
2024-04-14 17:00,0,0.0862,0,0,0,0,0,0,0,0,0,0,0,0,0,0,0,0,0,0,0,0,0,0,0,0,0,0,0,0,0,0,0,0,0,0,0,0,0,0,0,0,0,0,0,0,0,0,0,0,0,0,0,0,0,0,0,0,0,0,0,0,0,0,0,0,0,0,0,0,0,0,0,0,0,0,0,0,0,0,0
2024-04-14 18:00,0,0.1201,0,0,0,0,0,0,0,0,0,0,0,0,0,0,0,0,0,0,0,0,0,0,0,0,0,0,0,0,0,0,0,0,0,0,0,0,0,0,0,0,0,0,0,0,0,0,0,0,0,0,0,0,0,0,0,0,0,0,0,0,0,0,0,0,0,0,0,0,0,0,0,0,0,0,0,0,0,0,0
2024-04-14 19:00,0,0.103,0,0,0,0,0,0,0,0,0,0,0,0,0,0,0,0,0,0,0,0,0,0,0,0,0,0,0,0,0,0,0,0,0,0,0,0,0,0,0,0,0,0,0,0,0,0,0,0,0,0,0,0,0,0,0,0,0,0,0,0,0,0,0,0,0,0,0,0,0,0,0,0,0,0,0,0,0,0,0
2024-04-14 20:00,0,0,0,0,0,0,0,0,0,0,0,0,0,0,0,0,0,0,0,0,0,0,0,0,0,0,0,0,0,0,0,0,0,0,0,0,0,0,0,0,0,0,0,0,0,0,0,0,0,0,0,0,0,0,0,0,0,0,0,0,0,0,0,0,0,0,0,0,0,0,0,0,0,0,0,0,0,0,0,0,0
2024-04-14 21:00,0,0,0,0,0,0,0,0,0,0,0,0,0,0,0,0,0,0,0,0,0,0,0,0,0,0,0,0,0,0,0,0,0,0,0,0,0,0,0,0,0,0,0,0,0,0,0,0,0,0,0,0,0,0,0,0,0,0,0,0,0,0,0,0,0,0,0,0,0,0,0,0,0,0,0,0,0,0,0,0,0
2024-04-14 22:00,0,0,0,0,0,0,0,0,0,0,0,0,0,0,0,0,0,0,0,0,0,0,0,0,0,0,0,0,0,0,0,0,0,0,0,0,0,0,0,0,0,0,0,0,0,0,0,0,0,0,0,0,0,0,0,0,0,0,0,0,0,0,0,0,0,0,0,0,0,0,0,0,0,0,0,0,0,0,0,0,0
2024-04-14 23:00,0,0,0.6471,0,0,0,0,0,0,0,0,0,0,0,0,0,0,0,0,0,0,0,0,0,0,0,0,0,0,0,0,0,0,0,0,0,0,0,0,0,0,0,0,0,0,0,0,0,0,0,0,0,0,0,0,0,0,0,0,0,0,0,0,0,0,0,0,0,0,0,0,0,0,0,0,0,0,0,0,0,0
2024-04-15 00:00,2.2831,1.4429,0,0,0,0,0,0,0,0,0,0,0,0,0,0,0,0,0,0,0,0,0,0,0,0,0,0,0,0,0,0,0,0,0,0,0,0,0,0,0,0,0,0,0,0,0,0,0,0,0,0,0,0,0,0,0,0,0,0,0,0,0,0,0,0,0,0,0,0,0,0,0,0,0,0,0,0,0,0,0
2024-04-15 01:00,0,0,0,0,0,0,0,0,0,0,0,0,0,0,0,0,0,0,0,0,0,0,0,0,0,0,0,0,0,0,0,0,0,0,0,0,0,0,0,0,0,0,0,0,0,0,0,0,0,0,0,0,0,0,0,0,0,0,0,0,0,0,0,0,0,0,0,0,0,0,0,0,0,0,0,0,0,0,0,0,0
2024-04-15 02:00,0,0,0,0,0,0,0,0,0,0,0,0,0,0,0,0,0,0,0,0,0,0,0,0,0,0,0,0,0,0,0,0,0,0,0,0,0,0,0,0,0,0,0,0,0,0,0,0,0,0,0,0,0,0,0,0,0,0,0,0,0,0,0,0,0,0,0,0,0,0,0,0,0,0,0,0,0,0,0,0,0
2024-04-15 03:00,0,0,0,0,0,0,0,0,0,0,0,0,0,0,0,0,0,0,0,0,0,0,0,0,0,0,0,0,0,0,0,0,0,0,0,0,0,0,0,0,0,0,0,0,0,0,0,0,0,0,0,0,0,0,0,0,0,0,0,0,0,0,0,0,0,0,0,0,0,0,0,0,0,0,0,0,0,0,0,0,0
2024-04-15 04:00,0,0,0,0,0,0,0,0,0,0,0,0,0,0,0,0,0,0,0,0,0,0,0,0,0,0,0,0,0,0,0,0,0,0,0,0,0,0,0,0,0,0,0,0,0,0,0,0,0,0,0,0,0,0,0,0,0,0,0,0,0,0,0,0,0,0,0,0,0,0,0,0,0,0,0,0,0,0,0,0,0
2024-04-15 05:00,0,0,0,0,0,0,0,0,0,0,0,0,0,0,0,0,0,0,0,0,0,0,0,0,0,0,0,0,0,0,0,0,0,0,0,0,0,0,0,0,0,0,0,0,0,0,0,0,0,0,0,0,0,0,0,0,0,0,0,0,0,0,0,0,0,0,0,0,0,0,0,0,0,0,0,0,0,0,0,0,0
2024-04-15 06:00,0.0462,0.0292,0,0,0,0,0,0,0,0,0,0,0,0,0,0,0,0,0,0,0,0,0,0,0,0,0,0,0,0,0,0,0,0,0,0,0,0,0,0,0,0,0,0,0,0,0,0,0,0,0,0,0,0,0,0,0,0,0,0,0,0,0,0,0,0,0,0,0,0,0,0,0,0,0,0,0,0,0,0,0
2024-04-15 07:00,0.236,0.1938,0,0,0,0,0,0,0,0,0,0,0,0.0409,0,0,0,0,0,0,0,0,0,0,0,0,0,0,0,0,0,0,0,0,0,0,0,0,0,0,0,0,0,0,0,0,0,0,0,0,0,0,0,0,0,0,0,0,0,0,0,0,0,0,0,0,0,0,0,0,0,0,0,0,0,0,0,0,0,0,0
2024-04-15 08:00,0.1989,0,0,0,0,0,0,0,0,0,0,0,0,0,0,0,0,0,0,0,0,0,0,0,0,0,0.0148,0.0142,0,0,0,0,0,0,0,0,0,0,0,0,0,0,0,0,0,0,0,0,0,0,0,0,0,0,0,0,0,0,0,0,0,0,0,0,0,0,0,0,0,0,0,0,0,0,0,0,0,0,0,0,0
2024-04-15 09:00,0,0,0,0,0,0,0,0,0,0,0,0,0,0,0,0,0,0,0,0,0,0,0,0,0,0,0,0,0,0,0.0591,0,0.5939,0,0,0,0,0,0,0,0,0,0,0,0,0,0,0,0,0,0,0,0,0,0,0,0,0,0,0,0,0,0,0.1137,0.034,0,0,0,0,0,0,0,0,0,0,0.1418,0,0,0,0.1285,0
2024-04-15 10:00,0,0,0,0,0,0,0,0,0,0,0,0,0,0,0,0,0,0,0,0,0,0,0,0,0,0,0,0,0,0,0,0,0.191,0,0,0,0,0,0,0,0,0,0,0,0,0,0,0,0,0.4587,0,0,0,0.0403,0,0,0,0,0,0,0,0,0.1409,0.0373,0,0,0,0,0,0,0,0,0,0,0,0,0,0,0,0,0
2024-04-15 11:00,0,0,0,0,0,0,0,0,0,0,0,0,0,0,0,0,0,0,0,0,0,0,0,0,0,0,0,0,0,0,0,0,0.267,0,0,0,0,0,0,0,0,0,0,0,0,0,1.6524,1.9713,0.3699,1.9039,0,0,0,1.4485,1.7869,1.8641,1.4952,0,0,0,0,0,0.6944,0,0,0,0,0,0,0,0,0,0,0,0,0,0,0,0,0,0
2024-04-15 12:00,0,0,0,0,0,0,0,0,0,0,0,0,0,0,0,0,0,0,0,0,0,0,0,0,0,0,0,0,0,0,0,0,0,0,0,0,0,0,0,0,0,0.3259,0,0,0,0,0.7978,1.5442,1.4023,0.669,0,0,0,0,0,0,0,0,0,0,0,0,0,0,0,0,0,0,0,0,0,0,0,0,0,0,0,0,0,0,0
2024-04-15 13:00,0,0,0,0,0,0,0,0,0,0,0,0,0,0,0,0,0,0,1.0872,0,0,0,0,0,0,0,0,0,0,0,0,0,0,0,0,0,0,0,0,0,0,0.1895,0.5854,0.7462,1.3761,0,1.0787,2.1019,0.3817,0.2179,0,0,0.7462,0,0.574,0,0.0924,0.0556,0,0,0,0.0187,0,0,0,0,0,0,0,0,0,0,0,0,0,0,0,0,0,0,0.0228
2024-04-15 14:00,0,0,0,0,0,0,0,0,0,0,0,0,0,0,0,0,10.2971,10.2971,34.9767,5.4986,0,0,0,0,0,0,0,0,0,0,0,0,0,0,0,0,0,0,0,0,0,0.6116,0,0,0,0,1.3681,1.6923,0.6193,0,0,0,0,0,0.4164,0,0,0.1789,0,0,0,0,0,0,0,0,0,0,0,0,0,0,0,0,0,0,0,0,0,0,0
2024-04-15 15:00,0,0,0,0.1031,0,1.2265,2.1528,8.5548,1.036,0,0,0,0,0,3.3928,0.6157,10.4579,10.4579,16.1247,12.7033,0.1238,0.9317,1.9678,1.9415,1.7985,1.3425,0,0,0,0,0,0,0,0,0,0,0,0,0,0,0,0,0,1.3684,1.031,0,0,0.1709,0,0,0,0,1.3684,0,0,0,0,0,0,0,0,0,0,0,0,0,0,0,0,0,0,0,0,0,0,0,0,0,0,0,10.3386
2024-04-15 16:00,0,0,0,1.2987,0,1.379,3.8133,16.0168,2.004,0,0,0,0,0,6.8356,7.9163,13.7324,13.7324,32.0894,24.6078,3.9435,3.7309,3.697,3.6776,3.3453,1.5204,0,0,0,0,0,0,0,0,0,0,0,0,0,0,0,0,0,0,0.3354,0,0,0,0,0,0,0,0,0,0,0,0,0,0,0,0,0,0,0,0,0,0,0,0,0,0,0,0,0,0,0,0,0,0,0,19.4318
2024-04-15 17:00,0,0,0,5.2541,0.1502,1.002,3.312,23.5264,11.7334,0.5079,4.6075,0.3154,4.689,0,13.2298,9.9807,57.3068,57.3068,15.722,107.5231,12.4639,6.3694,3.7786,2.7604,1.7877,1.135,5.0835,5.0897,11.5931,0,0,0,0,0,0,0,0,0,0,0,0,0,0,0,0,0,0,0,0,0,0,0,0,0,0,0,0,0,0,0,0,0,0,0,0,0,0.1299,0,0,0,0,0,0,0,0,0,0,0,0,0,22.3748
2024-04-15 18:00,3.4542,3.5547,5.2472,8.2009,3.2543,11.3871,7.0271,23.3733,34.45,5.4346,5.5194,5.6385,6.2738,1.9998,0.5585,0.4686,19.633,19.633,12.3767,32.1617,23.7791,13.2354,11.8739,9.8719,6.3314,6.2718,11.3375,11.5819,2.7064,2.7896,2.6087,4.2829,4.1208,4.4237,4.4514,2.8539,2.3308,2.0703,1.7692,1.9187,2.0767,2.403,2.2267,2.016,1.9646,2.173,2.6697,2.8005,2.9819,2.9139,2.3943,1.9187,2.016,3.2232,2.9822,2.7915,2.8692,2.4021,2.6809,2.3469,2.1264,2.1619,4.1507,3.1356,2.2565,2.365,5.5253,5.3415,3.6287,1.9926,1.9923,2.0167,2.0167,2.0788,1.9412,2.0559,6.3765,2.1286,2.0671,1.971,12.5839
2024-04-15 19:00,5.8864,6.3688,8.3748,6.7294,5.5868,24.3461,5.1097,18.5825,21,7.1436,9.5976,6.0581,7.2683,4.0029,0.0649,0.0893,8.9746,8.9746,8.6925,18.1107,80.6745,16.71,13.4929,11.9346,11.1207,9.5682,7.735,8.2873,5.116,5.6468,4.6847,7.8856,7.853,8.8222,11.4804,6.0569,4.7563,4.2446,3.8383,3.7908,4.7784,5.106,4.6468,4.2555,3.9636,5.347,5.5517,5.6392,6.8083,7.038,5.4351,3.7908,4.2555,7.8922,5.6057,5.3855,5.4157,4.4619,5.0926,4.3984,3.9552,3.9735,7.848,5.815,4.058,4.4687,6.5097,8.0688,6.8518,5.9997,3.7379,5.9977,5.9977,3.6309,3.4396,3.5196,7.3837,3.8213,3.8352,3.5221,37.3045
2024-04-15 20:00,7.1911,8.7037,9.2705,7.5172,9.6992,0,2.8078,5.0201,22.6877,11.4338,15.702,9.3895,9.5292,7.3094,0.0115,0,7.023,7.023,0.4181,5.5776,21.4288,36.238,15.8477,13.3783,12.5487,13.3539,10.9158,10.9806,5.5845,6.5944,8.2628,7.3722,11.1106,7.5326,8.6401,23.5182,10.0469,7.0855,6.1158,6.1761,7.4506,8.5362,7.577,6.8388,6.2736,7.6496,7.9134,9.7366,8.5785,12.1118,7.7262,6.1761,6.8388,11.8213,7.581,9.3482,11.7893,6.9788,10.8572,9.6657,6.7391,7.658,11.0672,9.7735,6.5418,8.0463,7.7447,11.84,8.0858,8.2819,7.5542,7.6719,7.6719,5.1122,5.1975,5.022,9.6965,5.2415,5.8549,5.3752,0.049
2024-04-15 21:00,8.3889,8.0736,8.3718,6.0834,0,0,0.0221,0.0533,8.0892,15.2999,24.4387,11.3053,14.1089,6.739,0.0231,0,0.0227,0.0227,0,0.0264,11.9576,13.5894,27.9951,8.8872,14.1736,13.6566,12.0323,12.3789,12.2945,7.6106,7.2909,8.0233,9.9412,7.6867,9.0371,9.7129,17.2391,25.7641,10.5988,9.834,19.9177,10.414,10.346,9.7587,9.4176,8.8344,14.7344,15.7493,15.3612,13.7213,10.3637,9.834,9.7587,12.4165,15.7504,12.3075,13.7954,6.7307,9.0361,7.3906,6.1001,6.8362,9.2147,7.5512,7.7024,6.1914,7.8654,10.5434,8.6387,8.787,8.7307,7.3464,7.3464,6.6829,6.3568,6.088,10.0067,7.678,8.7419,7.5546,0
2024-04-15 22:00,8.8095,2.2875,4.6266,0,0,0,0,0,0,6.0906,11.5731,9.0809,18.2132,7.6174,0,0,0,0,0,0,0.1421,3.5396,5.5455,6.2152,10.9017,12.5418,12.2188,11.2593,10.812,6.3269,8.2351,10.7699,7.9664,6.4576,9.451,10.4948,13.4721,16.3271,14.5034,14.4387,37.5614,20.6003,26.2896,18.8669,13.8129,17.2385,17.9341,17.9911,16.1196,15.4194,18.4543,14.4387,18.8669,13.1743,16.7917,14.4881,14.6969,9.9111,11.8621,9.2622,7.0073,8.2976,7.8877,7.745,10.6454,6.9949,10.7345,17.9587,9.1323,9.6201,10.9646,8.2404,8.2404,8.8943,8.8935,8.5387,10.4728,6.3826,9.5219,8.253,0
2024-04-15 23:00,5.658,1.2819,0,0,0,0,0,0,0,0.578,0.3111,1.0086,5.346,7.3682,0,0,0,0,0,0,0,0.0679,0.4087,5.8001,2.2709,1.895,3.6068,2.9132,8.195,7.4359,7.9384,9.0293,8.1453,9.4495,6.7989,9.7625,11.2037,17.5097,21.6192,18.941,15.7181,11.4556,34.7354,30.2261,12.553,20.7019,18.8633,17.7564,9.763,8.9969,19.9084,18.941,30.2261,8.0377,17.5372,16.0236,14.8889,12.4344,12.4627,8.6274,7.0508,9.4412,8.7837,8.245,9.8886,7.6486,6.4884,12.4651,7.141,6.7408,6.7269,8.4949,8.4949,8.9594,8.0203,6.4436,12.7625,8.0896,6.8799,7.0008,0
2024-04-16 00:00,0,0,0,0,0,0,0,0,0,0,0,0,0,5.1934,0,0,0,0,0,0,0,0,0,2.1968,1.6675,0.6417,1.3836,2.7708,3.8759,3.9101,1.5167,5.0081,5.0779,6.041,8.7064,8.237,8.3055,8.6173,8.285,9.5778,9.5735,7.8632,9.5059,9.7308,10.2023,8.5671,8.3183,7.0785,7.2703,5.3449,8.0977,9.5778,9.7308,5.3066,8.4647,8.2797,7.5319,7.6262,7.8133,7.3942,7.3276,7.6086,4.7608,3.3811,2.612,2.5868,2.3656,0.5331,5.559,5.6433,5.7098,4.7635,4.7635,5.1647,5.5146,5.4447,1.2776,3.0922,5.5638,5.1969,0
2024-04-16 01:00,0,0,0,0,0,0,0,0,0,0,0,0,0,0.0184,0,0,0.022,0.022,10.0106,0,0,0,0,0,0,0,0.0891,0.088,0.1153,2.2088,0.8351,1.0179,3.2447,1.2443,3.8129,7.0434,6.6307,7.4583,6.8137,7.2569,8.0649,8.0842,8.1053,7.2311,6.1495,4.0413,6.0347,6.6364,7.4169,6.1788,2.5202,7.2569,7.2311,1.8336,3.7712,2.4028,2.3401,1.2111,1.8646,1.176,0.6831,1.3039,2.0763,3.9987,0.6713,0.9523,0.1303,0,0.0285,0.0289,0.0383,0.0688,0.0688,0.4517,3.4879,4.0944,0.0149,0.8826,0.043,2.1928,0
2024-04-16 02:00,0,0,0,0,0,0,0,0,0,0,0,0,0,0,0,0,19.7253,19.7253,0,13.0557,0,0,0,0.9245,0,0,0,0,0,0.8101,0,0,2.8398,1.0836,2.0629,2.8617,0.3653,0.2769,1.504,2.1237,1.4771,5.0938,4.3543,5.1582,5.3757,1.6353,3.6177,2.5679,0,0.5448,0.5919,2.1237,5.1582,1.9468,2.3274,1.6625,2.5334,0,1.6596,2.8829,3.3818,1.6082,2.9457,3.0013,1.8448,3.8869,0,0,0,0,0,0,0,0,0,0.5953,0,0,0,0,0
2024-04-16 03:00,0,0,0,0,0,0,0,0.0276,0,0,0,0,0,0,0,0,0,0,0,0.0684,0.0763,0.769,5.9805,21.1471,6.7944,0.012,0.1891,2.7629,13.1841,3.6311,2.1492,15.0832,5.9958,11.251,7.9495,5.1368,6.0785,3.797,4.4049,2.817,6.3362,6.244,6.3239,6.123,5.0816,4.0214,5.9385,6.6108,7.1714,6.1648,3.2774,2.817,6.123,4.9186,5.6548,3.6032,4.5251,0.8116,1.4892,0.1849,0.1987,0.4545,5.8471,6.0476,0.0515,0.1594,0.0112,0,0,0.0101,0.0204,0.0255,0.0255,0,0,0,0,0,0.0234,0.0114,0
2024-04-16 04:00,0,0,0,0,0,0,0,0.0184,0,0,0,0,0.0588,0,0,0,0,0,0,0,0.0393,0.4661,14.9296,32.1086,41.6395,24.7143,13.835,14.7597,17.0956,56.6289,47.3708,33.0989,11.1072,22.6384,16.503,13.9328,12.6399,10.423,8.4205,8.668,10.8589,12.0875,9.1477,7.9954,5.9437,8.7202,10.7617,8.0887,17.0458,12.6695,8.8989,8.668,7.9954,11.1258,9.5154,6.6367,7.2077,8.5429,5.1795,3.9768,3.6718,7.4836,9.5969,8.1547,7.0884,6.668,12.7566,3.0658,3.475,2.6923,3.3966,3.2818,3.2818,1.848,0.0652,0.1088,3.7371,0.0167,0.1396,0.0306,0
2024-04-16 05:00,0,0,0,0,0,0,0,0,0.0253,0,0.0301,0,0.021,0,0,0,0,0,0,0,0,0.0183,0,0.6932,1.4213,20.2005,46.4809,26.6072,16.4179,18.5006,55.932,17.9023,45.8542,17.0389,16.8331,16.4916,15.393,14.6917,11.6385,13.4554,14.7239,14.637,13.9916,13.3542,14.4656,13.9045,21.3655,20.749,20.8286,22.8269,11.4628,13.4554,13.3542,30.373,22.3655,20.9904,21.0328,10.2262,15.3729,14.1064,11.5883,10.7292,54.6196,72.5465,72.1691,69.3728,30.3867,18.4068,6.1514,5.9004,5.2995,4.7239,4.7239,3.2183,3.8545,4.9233,6.7164,1.704,4.1836,3.656,0
2024-04-16 06:00,0,0,0,0,0,0,0,0,0,0,0,1.8581,34.5046,0,0,0,0,0,7.2445,0,0,0,0,0,0,1.4455,15.1702,16.2439,10.8667,14.9554,14.1096,11.6333,22.293,11.6704,14.4417,15.9681,14.3309,13.9913,13.6028,14.5587,15.8155,17.7236,15.9105,14.7602,16.243,22.8751,23.3725,23.4044,19.7548,24.978,25.9127,14.5587,14.7602,45.8368,26.0229,37.0351,45.1763,19.9417,68.1138,63.7717,54.8586,18.9603,44.6161,21.3589,53.1939,113.5433,22.3933,11.0509,12.7636,7.8816,7.8816,11.1358,11.1358,5.646,4.1355,4.9124,18.6573,0.2558,6.1132,5.0212,0
2024-04-16 07:00,0,0,0,0,0,0,0,0,0,0,0.0204,0,0.0124,0,0,0,0,0,0,0,0,0,0,0,0,0,0.9782,2.4835,1.5464,8.5204,7.4418,4.3267,8.4377,5.0827,7.6924,11.7415,11.6829,12.0708,9.0012,10.9529,13.7468,16.2098,14.5691,14.2776,15.468,20.4217,18.7475,19.6274,14.9916,15.3906,22.2871,10.9529,14.2776,16.5197,18.2523,32.2754,26.6504,23.9967,48.9514,67.1662,62.8953,45.677,11.0673,2.0319,13.8534,11.1192,13.7762,0,24.2925,11.0464,9.3208,39.6196,39.6196,6.6634,4.1669,3.9287,0.7578,0.0395,5.0496,2.8049,0
2024-04-16 08:00,0,0,0,0,0,0,0,0,0,0,0,0,0,0,0,0,0,0,0,0,0,0,0,0,0,0,0,0,3.6003,0,4.4261,2.1629,5.5742,0,2.1553,4.1961,0,3.522,5.1075,5.0795,7.4894,8.3647,8.539,10.1301,9.5318,11.4664,10.3876,8.7893,6.4573,7.3944,10.4854,5.0795,10.1301,6.1836,11.5574,18.199,11.0603,25.8194,21.8988,33.3327,36.6738,31.9237,6.4766,4.7141,2.2546,2.5514,0.0905,0,0.0211,0.0218,2.0896,4.4714,4.4714,5.0945,1.9932,0.0207,0,0.0107,0.2162,0.0181,0
2024-04-16 09:00,0,0,0,0,0,0,0,0,0,0,0,0,0,0,0,0,0,0,0,0,0,0,0,0,0,0,0,0,4.8525,3.1151,0.3753,3.8017,0,15.2614,0,0.3509,0,0,0,0,0,0,0,0,1.66,0.1446,0.1313,0.6336,0,0,1.3131,0,0,0,1.701,1.2064,1.4037,2.4521,1.0802,1.5454,0.3567,2.8735,0,0,0,0,0,0,0,0,0,0,0,0,0,0,0,0,0,0,0
2024-04-16 10:00,0,0,0,0,0,0,0,0,0,0,0,0,0,0,0,0,0.028,0.028,0.0266,0,0,0,0,0.8167,0,0,0,0,9.345,21.9375,13.647,35.6288,17.0078,75.1212,103.859,18.0677,12.091,8.7534,7.0125,6.7514,7.8344,9.3907,7.7394,7.6493,6.3223,5.4561,5.8915,7.0768,11.9686,12.1969,5.8117,6.7514,7.6493,12.1434,7.7641,7.4741,6.6386,4.2013,7.5054,7.0295,6.4588,4.688,15.681,11.3327,6.8242,6.9541,0,0,0,0,0,0,0,0,0,0,0,0,0,0,0.0257
2024-04-16 11:00,0,0,0,0,0,0,0,0,0,0,0,0,0,0,0,0,134.9241,134.9241,22.2741,37.493,0,0,0,0,0,0,0,0,0.9655,19.0179,11.0741,23.4762,36.2561,23.7801,33.3713,63.0633,22.6827,18.7061,18.2682,15.9783,17.7234,20.9273,14.6663,14.146,13.4128,12.1032,21.8578,32.0281,70.8225,41.6682,11.7436,15.9783,14.146,43.9815,22.2958,22.8757,22.7501,11.1997,18.9272,18.7469,12.5048,13.9705,31.0774,21.7563,3.4766,10.2925,0,0,0,0,0,0,0,0,0,0,0,0,0,0,0
2024-04-16 12:00,0,0,0,0,0,0,0,72.0309,0,0,1.4674,0.5763,1.8706,0,0,0,0,0,0,0.0606,26.0451,0,5.8723,1.323,4.7686,10.7344,0.918,0.2286,6.688,0.0236,0.0511,2.0636,5.575,5.5847,6.9564,12.9325,14.4987,20.012,15.7816,21.7554,36.3947,99.1937,52.7754,46.2511,40.888,26.6356,94.189,69.3674,33.4117,38.6886,29.6351,21.7554,46.2511,31.3792,79.8356,29.6481,33.9088,30.4271,29.6545,17.3157,9.1767,20.5745,14.5534,3.3105,1.0837,7.3018,0.0585,4.0369,0.0204,0,0,0,0,0.0138,0,0,1.6664,0,0,0,0
2024-04-16 13:00,1.295,0.6715,0,0,0,0,0,0,88.6387,0,16.8208,2.6432,4.2143,0,0,0,0,0,0,0,0.0292,5.5205,2.9484,8.1655,3.4038,7.027,9.2501,10.642,17.4532,19.7417,9.6235,18.3743,9.1695,17.4314,15.0458,13.6982,13.5549,13.3759,10.232,15.4764,14.5677,19.5419,20.0362,19.4654,27.7015,35.518,17.2599,18.9948,11.6961,10.8666,23.494,15.4764,19.4654,10.1996,17.8001,10.55,12.7149,13.0777,10.4863,10.3068,14.5345,5.511,5.7227,5.5116,10.8858,7.2871,30.7251,10.9741,36.5172,19.0719,13.4618,18.6059,18.6059,6.6726,5.7016,4.6257,22.3359,4.3898,6.5059,4.8175,0
2024-04-16 14:00,0.0796,0,0,0,0,0,0,0,0,0,12.2983,16.5061,0,0,0,0,0,0,0,0,0,0.0481,0.0944,10.2455,5.3348,0,4.0585,8.1156,29.1381,22.118,23.328,37.5001,21.1985,37.1408,26.3663,25.4187,46.1957,21.9331,18.2988,18.8709,19.4952,16.8501,21.1561,18.934,15.2461,11.0356,14.4912,14.2279,19.9482,23.2269,13.3131,18.8709,18.934,20.0434,14.1437,13.9832,13.7909,10.7699,7.1856,7.2446,9.2333,9.7536,22.1686,24.541,18.7469,16.757,16.071,0,14.3387,34.5478,56.0064,72.5852,72.5852,55.2027,18.2691,15.5581,17.5144,3.7001,33.311,15.2608,0
2024-04-16 15:00,0,0,0,0,0,0,0,0,0,0,0.0396,11.9802,10.3617,0,0,0,0,0,0,0,0,0,0.0189,0.0152,0.0158,0.029,4.2422,7.2217,14.4378,22.5442,24.2139,39.5153,20.1985,50.5826,37.5507,23.5073,29.2909,36.0632,20.9414,21.5149,20.568,23.2795,22.9566,23.155,19.2111,15.5642,21.3144,23.8889,25.0481,20.7708,14.8844,21.5149,23.155,18.4369,24.9008,22.9359,23.1975,12.5199,20.2356,21.6244,20.6343,12.5905,20.7309,31.4513,25.502,21.7324,9.917,0,18.1681,17.4594,17.45,29.1196,29.1196,74.2673,43.8368,7.3347,0,5.6764,23.3135,23.2446,0
2024-04-16 16:00,0,0,0,0,0,0,0,0,0,0,0,0,0.0188,0,0,0,0,0,0,0,0,0,0,0,0.0137,0.0471,0.021,0.131,0,13.2638,18.151,22.9961,13.33,24.3331,71.7645,20.3433,17.1541,20.0594,19.3744,21.7084,19.9204,16.9732,18.3785,23.9943,28.718,24.53,20.413,19.258,18.3562,20.4895,22.5776,21.7084,23.9943,21.5517,17.5124,17.2909,18.3272,20.7258,18.2795,21.1065,25.1897,20.9159,18.2554,13.5735,14.1409,10.6644,2.8847,0.0169,0,0,0,13.4945,13.4945,20.691,23.6635,33.0943,0,38.316,23.4316,76.0285,0
2024-04-16 17:00,0,0,0,0,0,0,0,0,0,0,0,0,0,0,0,0,0,0,0,0,0,0,0,0,0,0,0.0137,0,0,0,0.0221,0,0,0,1.3924,49.7401,0.7968,4.5635,10.2705,7.3129,3.9662,2.7403,3.6391,5.1115,9.2562,11.2838,7.4621,4.4029,3.8837,4.1727,11.3653,7.3129,5.1115,1.655,7.9791,9.321,5.6901,11.6041,9.7092,8.2019,6.6256,11.7606,0,0,0.2541,0.1891,0,0.015,0,0,0,1.3678,1.3678,0,0,0,0,0,1.1522,0,0
2024-04-16 18:00,0,0,0,0,0,0,0,0,0,0,0,0,0,0,0,0,0,0,0,0,0,0,0,0,0,0,0,0,0,0,0,0,0,0,0,0,0,0,0,0.0806,0.0175,0.025,0.0603,5.2634,0.7828,0.7179,0.156,0.0919,0.0278,0.0318,1.1918,0.0806,5.2634,0.0214,0.2847,0.3387,0,2.7308,0.332,0.315,0.1913,0.6686,0.0108,0,0.0194,0,0,0,0,0,0,0,0,0.0318,0.0277,0,0,0,0,0,0
2024-04-16 19:00,0,0,0,0,0,0,0,0,0,0,0,0,0,0,0,0,0,0,0,0,0,0,0,0,0,0,0,0,0,0,0,0,0,0,0,0,0,0,0,0,0,0,0,0,0,0.0358,0,0,0,0,0.0398,0,0,0,0.0437,0.0194,0.0175,0,0.0222,0.0303,0,0,0,0,0,0,0,0,0,0,0,0,0,0,0,0,0,0,0,0,0
2024-04-16 20:00,0,0,0,0,0,0,0,0,0,0,0,0,0,0,0,0,0,0,0,0,0,0,0,0,0,0,0,0,0,0,0,0,0,0,0,0,0,0,0,0,0,0,0,0,0,0,0,0,0,0,0.0314,0,0,0,0,0,0,0.0105,0,0,0,0,0,0,0,0,0,0,0,0,0,0,0,0,0,0,0,0,0,0,0
2024-04-16 21:00,0,0,0,0,0,0,0,0,0,0,0,0,0,0,0,0,0,0,0,0,0,0,0,0,0,0,0,0,0,0,0,0,0,0,0,0,0,0,0,0,0,0,0,0,0,0,0,0,0,0,0,0,0,0,0,0,0,0,0,0,0,0,0,0,0,0,0,0,0,0,0,0,0,0,0,0,0,0,0,0,0
2024-04-16 22:00,0,0,0,0,0,0,0,0,0,0,0,0,0,0,0,0,0,0,0,0,0,0,0,0,0,0,0,0,0,0,0,0,0,0,0,0,0,0,0,0.0131,0,0.0113,0.0128,0,0,0,0,0,0,0,0,0.0131,0,0,0,0,0,0,0,0,0,0,0,0,0,0,0,0,0,0,0,0,0,0,0,0,0,0,0,0,0
2024-04-16 23:00,0,0,0,0,0,0,0,0,0,0,0,0,0,0,0,0,0,0,0,0,0,0,0,0,0,0,0,0,0,0,0,0,0,0,0,0,0,0.0463,0,0,0,0,0,0.0481,0.0394,0,0,0,0,0,0,0,0.0481,0,0,0,0,0,0,0,0,0,0,0,0,0,0,0,0,0,0,0,0,0,0,0,0,0,0,0,0
2024-04-17 00:00,0,0,0,0,0,0,0,0,0,0,0,0,0,0,0,0,0,0,0,0,0,0,0,0,0,0,0,0,0,0,0,0,0,0,0,0,0,0,0,0.3751,0,0,0,0,0,0,0,0,0,0,0,0.3751,0,0,0,0,0,0,0,0,0,0,0,0,0,0,0,0,0,0,0,0,0,0,0,0,0,0,0,0,0
2024-04-17 01:00,0,0,0,0,0,0,0,0,0,0,0,0,0,0,0,0,0,0,0,0,0,0,0,0,0,0,0,0,0,0,0,0,0,0,0,0.0232,0.0294,0,0.0255,0,0,0,0,0,0,0.0236,0,0,0.026,0,0.0246,0,0,0,0,0,0,0.0282,0,0,0,0,0,0,0,0,0,0,0,0,0,0,0,0,0,0,0,0,0,0,0
2024-04-17 02:00,0,0,0,0,0,0,0,0,0,0,0,0,0,0,0,0,0,0,0,0,0,0,0,0,0,0,0,0,0,0,0,0,0,0,0,0,0,0,0,0,0,0,0,0,0,0,0.408,0,0,0,0,0,0,0,0,0,0,0,0,0,0,0,0,0,0,0,0,0,0,0,0,0,0,0,0,0,0,0,0,0,0
2024-04-17 03:00,0,0,0,0,0,0,0,0,0,0,0,0,0,0,0,0,0,0,0,0,0,0,0,0,0,0,0,0,0,0,0,0,0,0,0,0,0.017,0.0547,0.1316,0,0,0,0,0,0,0,0,0,0,0,0,0,0,0,0,0,0,0,0,0,0,0,0,0,0,0,0,0,0,0,0,0,0,0,0,0,0,0,0,0,0
2024-04-17 04:00,0,0,0,0,0,0,0,0,0,0,0,0,0,0,0,0,0,0,0,0,0,0,0,0,0,0,0,0,0,0,0,0,0,0,0,0,0,0,0.0111,0.0175,0,0,0,0,0,0,0,0,0,0,0,0.0175,0,0,0,0,0,0,0,0,0,0,0,0,0,0,0,0,0,0,0,0,0,0,0,0,0,0,0,0,0
2024-04-17 05:00,0,0,0,0,0,0,0,0,0,0,0,0,0,0,0,0,0,0,0,0,0,0,0,0,0,0,0,0,0,0,0,0,0,0,0,0,0,0,0,0,0,0,0,0,0,0,0,0,0,0,0,0,0,0,0,0,0,0,0,0,0,0,0,0,0,0,0,0,0,0,0,0,0,0,0,0,0,0,0,0,0
2024-04-17 06:00,0,0,0,0,0,0,0,0,0,0,0,0,0,0,0,0,0,0,0,0,0,0,0,0,0,0,0,0,0,0,0,0,0,0,0,0,0,0,0,0,0,0,0,0,0,0,0,0,0,0,0,0,0,0,0,0,0,0,0,0,0,0,0,0,0,0,0,0,0,0,0,0,0,0,0,0,0,0,0,0,0
2024-04-17 07:00,0,0,0,0,0,0,0,0,0,0,0,0,0,0,0,0,0,0,0,0,0,0,0,0,0,0,0,0,0,0,0,0,0,0,0,0,0,0,0,0,0,0,0,0,0,0,0,0,0,0,0,0,0,0,0,0,0,0,0,0,0,0,0,0,0,0,0,0,0,0,0,0,0,0,0,0,0,0,0,0,0
2024-04-17 08:00,0,0,0,0,0,0,0,0,0,0,0,0,0,0,0,0,0,0,0,0,0,0,0,0,0,0,0,0,0,0,0,0,0,0,0,0,0,0,0,0,0,0,0,0,0,0,0,0,0,0,0,0,0,0,0,0,0,0,0,0,0,0,0,0,0,0,0,0,0,0,0,0,0,0,0,0,0,0,0,0,0
2024-04-17 09:00,0,0,0,0,0,0,0,0,0,0,0,0,0,0,0,0,0,0,0,0,0,0,0,0,0,0,0,0,0,0,0,0,0,0,0,0,0,0,0,0,0,0,0,0,0,0,0,0,0,0,0,0,0,0,0,0,0,0,0,0,0,0,0,0,0,0,0,0,0,0,0,0,0,0,0,0,0,0,0,0,0
2024-04-17 10:00,0,0,0,0,0,0,0,0,0,0,0,0,0,0,0,0,0,0,0,0,0,0,0,0,0,0,0,0,0,0,0,0,0,0,0,0,0,0,0,0,0,0,0,0,0,0,0,0,0,0,0,0,0,0,0,0,0,0,0,0,0,0,0,0,0,0,0,0,0,0,0,0,0,0,0,0,0,0,0,0,0
2024-04-17 11:00,0,0,0,0,0,0,0,0,0,0,0,0,0,0,0,0,0,0,0,0,0,0,0,0,0,0,0,0,0,0,0,0,0,0,0,0,0,0,0,0,0,0,0,0,0,0,0,0,0,0,0,0,0,0,0,0,0,0,0,0,0,0,0,0,0,0,0,0,0,0,0,0,0,0,0,0,0,0,0,0,0
2024-04-17 12:00,0,0,0,0,0,0,0,0,0,0,0,0,0,0,0,0,0,0,0,0,0,0,0,0,0,0,0,0,0,0,0,0,0,0,0,0,0,0,0,0,0,0,0,0,0,0,0,0,0,0,0,0,0,0,0,0,0,0,0,0,0,0,0,0,0,0,0,0,0,0,0,0,0,0,0,0,0,0,0,0,0
2024-04-17 13:00,0,0,0,0,0,0,0,0,0,0,0,0,0,0,0,0,0,0,0,0,0,0,0,0,0,0,0,0,0,0,0,0,0,0,0,0,0,0,0,0,0,0,0,0,0,0,0,0,0,0,0,0,0,0,0,0,0,0,0,0,0,0,0,0,0,0,0,0,0,0,0,0,0,0,0,0,0,0,0,0,0
2024-04-17 14:00,0,0,0,0,0,0,0,0,0,0,0,0,0,0,0,0,0,0,0,0,0,0,0,0,0,0,0,0,0,0,0,0,0,0,0,0,0,0,0,0,0,0,0,0,0,0,0,0,0,0,0,0,0,0,0,0,0,0,0,0,0,0,0,0,0,0,0,0,0,0,0,0,0,0,0,0,0,0,0,0,0
2024-04-17 15:00,0,0,0,0,0,0,0,0,0,0,0,0,0,0,0,0,0,0,0,0,0,0,0,0,0,0,0,0,0,0,0,0,0,0,0,0,0,0,0,0,0,0,0,0,0,0,0,0,0,0,0,0,0,0,0,0,0,0,0,0,0,0,0,0,0,0,0,0,0,0,0,0,0,0,0,0,0,0,0,0,0
2024-04-17 16:00,0,0,0,0,0,0,0,0,0,0,0,0,0,0,0,0,0,0,0,0,0,0,0,0,0,0,0,0,0,0,0,0,0,0,0,0,0,0,0,0,0,0,0,0,0,0,0,0,0,0,0,0,0,0,0,0,0,0,0,0,0,0,0,0,0,0,0,0,0,0,0,0,0,0,0,0,0,0,0,0,0
2024-04-17 17:00,0,0,0,0,0,0,0,0,0,0,0,0,0,0,0,0,0,0,0,0,0,0,0,0,0,0,0,0,0,0,0,0,0,0,0,0,0,0,0,0,0,0,0,0,0,0,0,0,0,0,0,0,0,0,0,0,0,0,0,0,0,0,0,0,0,0,0,0,0,0,0,0,0,0,0,0,0,0,0,0,0
2024-04-17 18:00,0,0,0,0,0,0,0,0,0,0,0,0,0,0,0,0,0,0,0,0,0,0,0,0,0,0,0,0,0,0,0,0,0,0,0,0,0,0,0,0,0,0,0,0,0,0,0,0,0,0,0,0,0,0,0,0,0,0,0,0,0,0,0,0,0,0,0,0,0,0,0,0,0,0,0,0,0,0,0,0,0
2024-04-17 19:00,0,0,0,0,0,0,0,0,0,0,0,0,0,0,0,0,0,0,0,0,0,0,0,0,0,0,0,0,0,0,0,0,0,0,0,0,0,0,0,0,0,0,0,0,0,0,0,0,0,0,0,0,0,0,0,0,0,0,0,0,0,0,0,0,0,0,0,0,0,0,0,0,0,0,0,0,0,0,0,0,0
2024-04-17 20:00,0,0,0,0,0,0,0,0,0,0,0,0,0,0,0,0,0,0,0,0,0,0,0,0,0,0,0,0,0,0,0,0,0,0,0,0,0,0,0,0,0,0,0,0,0,0,0,0,0,0,0,0,0,0,0,0,0,0,0,0,0,0,0,0,0,0,0,0,0,0,0,0,0,0,0,0,0,0,0,0,0
2024-04-17 21:00,0,0,0,0,0,0,0,0,0,0,0,0,0,0,0,0,0,0,0,0,0,0,0,0,0,0,0,0,0,0,0,0,0,0,0,0,0,0,0,0,0,0,0,0,0,0,0,0,0,0,0,0,0,0,0,0,0,0,0,0,0,0,0,0,0,0,0,0,0,0,0,0,0,0,0,0,0,0,0,0,0
2024-04-17 22:00,0,0,0,0,0,0,0,0,0,0,0,0,0,0,0,0,0,0,0,0,0,0,0,0,0,0,0,0,0,0,0,0,0,0,0,0,0,0,0,0,0,0,0,0,0,0,0,0,0,0,0,0,0,0,0,0,0,0,0,0,0,0,0,0,0,0,0,0,0,0,0,0,0,0,0,0,0,0,0,0,0
2024-04-17 23:00,0,0,0,0,0,0,0,0,0,0,0,0,0,0,0,0,0,0,0,0,0,0,0,0,0,0,0,0,0,0,0,0,0,0,0,0,0,0,0,0,0,0,0,0,0,0,0,0,0,0,0,0,0,0,0,0,0,0,0,0,0,0,0,0,0,0,0,0,0,0,0,0,0,0,0,0,0,0,0,0,0
2024-04-18 00:00,0,0,0,0,0,0,0,0,0,0,0,0,0,0,0,0,0,0,0,0,0,0,0,0,0,0,0,0,0,0,0,0,0,0,0,0,0,0,0,0,0,0,0,0,0,0,0,0,0,0,0,0,0,0,0,0,0,0,0,0,0,0,0,0,0,0,0,0,0,0,0,0,0,0,0,0,0,0,0,0,0
